museum_name	address	city	state	phone_number	email	website	requirements
Anniston Museums and Gardens	800 Museum Dr, Anniston, AL 36206	Anniston	AL	(256) 237-6766	aroberts@annistonal.gov	https://www.exploreamag.org/	
Exploreum Science Center	65 Government Street, Mobile, AL 36602	Mobile	AL	(251) 208-6893	mdunklin@exploreum.com	https://www.exploreum.com/	Proof of Residence Required
Mary G. Hardin Center for Cultural Arts	501 Broad St, Gadsden, AL 35901	Gadsden	AL	(256) 543-2787	info@culturalarts.org	https://culturalarts.com	
Anchorage Museum	625 C St, Anchorage, AK 99501	Anchorage	AK	(907) 929-9200	membership@anchoragemuseum.org	https://www.anchoragemuseum.org	Proof of Residence Required
Southern Museum of Flight	4343 73rd Street North, Birmingham, AL 35206	Birmingham	AL	(205) 833-8226	info@southernmuseumofflight.org	http://www.southernmuseumofflight.org	
U.S. Space & Rocket Center	1 Tranquility Base, Huntsville, AL 35805	Huntsville	AL	(800) 637-7223	camps@spacecamp.com	https://rocketcenter.com	Proof of Residence Required
McWane Science Center	200 19th St N, Birmingham, AL 35203	Birmingham	AL	(205) 714-8300	membership@mcwane.org	https://www.mcwane.org	
Arizona Museum of Natural History	53 N MacDonald, Mesa, AZ 85201-7325	Mesa	AZ	(480) 644-2230	admin@azmnhfdn.org	https://www.arizonamuseumofnaturalhistory.org/	
Arizona Science Center	600 E Washington St, Phoenix, AZ 85004	Phoenix	AZ	(602) 716-2000	membership@azscience.org	https://www.azscience.org/	
Flandrau Science Center & Planetarium	1601 East University Boulevard, Tucson, AZ 85721	Tucson	AZ	(520) 621-4516	flandrau@arizona.edu	https://www.flandrau.org/	
Lowell Observatory	1400 W Mars Hill Rd, Flagstaff, AZ 86001	Flagstaff	AZ	(928) 774-3358	membership@lowell.edu	https://lowell.edu	
Meteor Crater & Barringer Space Museum	I40, Exit 233, Winslow, AZ, 86047	Winslow	AZ	(928) 289-5898	info@meteorcrater.com	https://meteorcrater.com/	
Science Vortex of the Verde Valley	301 N. Willard St. Room 202, Cottonwood, AZ 86326	Cottonwood	AZ	(928) 225-7830	info@sciencevortex.org	https://sciencevortex.org/	Proof of Residence Required
Bay Area Discovery Museum	557 McReynolds Rd, Sausalito, CA 94965	Sausalito	CA	(415) 339-3936	membership@badm.org	https://bayareadiscoverymuseum.org/	Proof of Residence Required
Buena Vista Museum of Natural History and Science	2018 Chester Ave, Bakersfield, CA 93301	Bakersfield	CA	(661) 324-6350	info@buenavistamuseum.org	https://www.buenavistamuseum.org/	
California Science Center	700 Exposition Park Drive, Los Angeles, CA 90037	Los Angeles	CA	(323) 724-3623	member@californiasciencecenter.org	https://californiasciencecenter.org/	Proof of Residence Required
Scott Family Amazeum	1009 Museum Way, Bentonville, AR 72712	Bentonville	AR	(479) 696-9280	membership@amazeum.org	https://www.amazeum.org/	Proof of Residence Required
Mid-America Science Museum	500 Mid-America Boulevard, Hot Springs, AR 71913	Hot Springs	AR				
Chabot Space & Science Center	10000 Skyline Blvd, Oakland, CA 94619	Oakland	CA	(510) 336-7300	membership@chabotspace.org	https://chabotspace.org/	Proof of Residence Required
Children's Creativity Museum	221 4th St, San Francisco, CA	San Francisco	CA	(415) 820-3320	info@creativity.org	https://creativity.org	
Children's Museum at La Habra	301 S Euclid Street, La Habra, CA 90631	La Habra	CA	(562) 383-4236	museumstaff@lahabraca.gov	https://www.lhcm.org/	Proof of Residence Required
Columbia Memorial Space Center	12400 Columbia Way, Downey, CA 90242	Downey	CA	(562) 231-1200	Reservations@DowneySpaceCenter.org	https://www.columbiaspacescience.org/	Proof of Residence Required
CuriOdyssey	1651 Coyote Point Dr, San Mateo, CA 94401	San Mateo	CA	(650) 342-7755	membership@curiodyssey.org	https://curiodyssey.org/	Proof of Residence Required
Discovery Cube Los Angeles	11800 Foothill Blvd., Sylmar, CA 91342	Sylmar	CA	(818) 686-2823		https://www.discoverycube.org/members/	
Discovery Cube Orange County	2500 N Main St, Santa Ana, CA 92705	Santa Ana	CA	(714) 542-2823		https://www.discoverycube.org/members/	Proof of Residence Required
Exploratorium	Pier 15, San Francisco, CA 94111	San Francisco	CA	(415) 528-4321	membership@exploratorium.edu	https://www.exploratorium.edu	Proof of Residence Required
Fleet Science Center	1875 El Prado, San Diego, CA 92101	San Diego	CA	(619) 238-1233	membership@rhfleet.org	https://www.fleetscience.org/	Proof of Residence Required
Gateway Science Museum	625 Esplanade (near Bidwell Mansion) Chico, CA 95929–0545	Chico	CA	(530) 898-4121	gateway@csuchico.edu	https://www.csuchico.edu/gateway	
Kern County Museum	3801 Chester Ave, Bakersfield, CA 93301	Bakersfield	CA	(661) 437-3330	bebe@kerncountymuseum.org	https://kerncountymuseum.org/	
Kidspace Children's Museum	480 N Arroyo Blvd, Pasadena, CA 91103	Pasadena	CA	(626) 449-9144	membership@kidspacemuseum.org	https://kidspacemuseum.org	Proof of Residence Required
Lindsay Wildlife Experience	1931 1st Ave, Walnut Creek, CA 94597	Walnut Creek	CA	(925) 935-1978	membership@lindsaywildlife.org	https://lindsaywildlife.org/	
Maturango Museum of the Indian Wells Valley	100 E Las Flores Ave, Ridgecrest, CA 93555	Ridgecrest	CA	(760) 375-6900	info@maturango.org	https://maturango.org/	
MOXI The Wolf Museum of Exploration + Innovation	125 State St, Santa Barbara, CA 93101	Santa Barbara	CA	(805) 770-5000	members@moxi.org	https://moxi.org/	Proof of Residence Required
Natural History Museum of Cal Poly Humboldt	1242 G Street, Arcata, CA 95521	Arcata	CA	707) 826-4480	natmus@humboldt.edu	https://natmus.humboldt.edu/	
Natural History Museums of Los Angeles County	900 Exposition Blvd, Los Angeles, CA 90007	Los Angeles	CA	(213) 763-3426	members@nhm.org	https://nhmlac.org/	Proof of Residence Required
Placer Nature Center	3700 Christian Valley Rd, Auburn, CA 95602	Auburn	CA	(530) 878-6053	kgreene@placernaturecenter.org	https://placernaturecenter.org/	
Sacramento Children's Museum	2701 Prospect Park Drive, Rancho Cordova, CA 95670	Rancho Cordova	CA	(916) 730-5079	Membership@sackids.org	https://sackids.org	Proof of Residence Required
San Diego Natural History Museum	1788 El Prado, Balboa Park, San Diego, CA 92101	San Diego	CA	(619) 232-3821	membership@sdnhm.org	https://www.sdnhm.org/	
Santa Barbara Museum of Natural History	2559 Puesta Del Sol, Santa Barbara, CA 93105	Santa Barbara	CA	(805) 682-4711	membership@sbnature2.org	https://www.sbnature.org/	Proof of Residence Required
Santa Cruz Museum of Natural History	1305 E Cliff Dr, Santa Cruz, CA 95062	Santa Cruz	CA	(831) 420-6115	info@santacruzmuseum.org	https://www.santacruzmuseum.org/	
SMUD Museum of Science and Curiosity (MOSAC)	400 Jibboom Street, Sacramento, CA 95811	Sacramento	CA	(916) 674-5000	membership@visitmosac.org	https://visitmosac.org/	Proof of Residence Required
The Lawrence Hall of Science	1 Centennial Dr, Berkeley, CA 94720	Berkeley	CA	(510) 642-5132	thelawrencemembers@berkeley.edu	https://lawrencehallofscience.org/	Proof of Residence Required
The Tech Interactive	201 S Market St, San Jose, CA 95113	San Jose	CA	(408) 294-8324	membership@thetech.org	https://www.thetech.org/	Proof of Residence Required
Turtle Bay Exploration Park	844 Sundial Bridge Dr, Redding, CA 96001	Redding	CA	(530) 243-8850	info@turtlebay.org	https://www.turtlebay.org/	
Denver Museum of Nature and Science	2001 N Colorado Blvd, Denver, CO 80205	Denver	CO	(303) 370-6306	members@dmns.org	https://www.dmns.org/	Proof of Residence Required
Fort Collins Museum of Discovery	408 Mason Ct, Fort Collins, CO 80524	Fort Collins	CO	(970) 221-6738	membership@fcmod.org	https://fcmod.org/	
World of Wonders Science Museum	2 North Sacramento Street, Lodi, CA 95240	Lodi	CA	(209) 368-0969	Membership@wowsciencemuseum.org	https://www.wowsciencemuseum.org/	
Space Foundation Discovery Center	4425 Arrowswest Dr, Colorado Springs, CO 80907	Colorado Springs	CO	(719) 576-8000	guestrelations@spacefoundationd.org	https://www.discoverspace.org/	
The Powerhouse	1333 Camino Del Rio, Durango, CO 81301	Durango	CO	(970) 259-9234	info@powsci.org	https://powsci.org/	
United States Olympic and Paralympic Museum	200 S Sierra Madre St, Colorado Springs, CO 80903	Colorado Springs	CO	(719) 497-1234	membership@usopm.org	https://usopm.org/	Proof of Residence Required
Connecticut Science Center	250 Columbus Boulevard, Hartford, CT 06103	Hartford	CT	(860) 724-3623	membership@ctsciencecenter.org	https://ctsciencecenter.org/	Proof of Residence Required
Lutz Children's Museum	247 S Main St, Manchester, CT 06040	Manchester	CT	(860) 643-0949	frontdesk@lutzmuseum.org	https://lutzmuseum.org/	
New Britain Youth Museum and Hungerford Nature Center	191 Farmington Ave., Berlin, CT 06037	Berlin	CT	(860) 827-9064	info@nbymhnc.org	www.hungerfordnaturecenter.org	
Wings Over the Rockies	7711 East Academy Boulevard, Denver, CO 80230	Denver	CO	(303) 360-5360	Membership@wingsmuseum.org	https://wingsmuseum.org/	
Stepping Stones Museum for Children	303 West Ave, Norwalk, CT 06850	Norwalk	CT	(203) 899-0606	membership@steppingstonesmuseum.org	https://www.steppingstonesmuseum.org/	Proof of Residence Required
The Children's Museum	180 Mohegan Drive, West Hartford, CT 06117	West Hartford	CT	(860) 231-2830		https://www.thechildrensmuseumct.org/	Proof of Residence Required
Yale Peabody Museum	170 Whitney Ave, New Haven, CT 06511-8902	New Haven	CT	(203) 432-8987	peabody.membership@yale.edu	https://peabody.yale.edu/	
Delaware Museum of Nature and Science	4840 Kennett Pike, Wilmington, DE 19807	Wilmington	DE	(302) 658-9111	info@delmns.org	https://delmns.org/	
Cade Museum for Creativity and Invention	811 S Main St, Gainesville, FL 32601	Gainesville	FL	(352) 371-8001	info@cademuseum.org	https://www.cademuseum.org/	
Challenger Learning Center of Tallahassee	200 S Duval St, Tallahassee, FL 32301	Tallahassee	FL	(850) 645-7827	sales@challengertlh.com	https://www.challengertlh.com/	
Iron Hill Museum & Science Center	1115 Robert L Melson Ln, Newark, DE 19702	Newark	DE	(302) 368-5703	director@ironhillsciencecenter.org	https://www.ironhillsciencecenter.org/	Proof of Residence Required
Discovery Center	701 NE Sanchez Ave, Ocala, FL 34470	Ocala	FL	(352) 401-3900	Discovery@ocalafl.gov	https://www.mydiscoverycenter.org/	
Emerald Coast Science Center	31 SW Memorial Parkway, Fort Walton Beach, FL 32548	Fort Walton Beach	FL	(850) 664-1261	membership@ecscience.org	https://www.ecscience.org/	
Florida Air Museum	4175 Medulla Rd, Lakeland, FL 33811	Lakeland	FL	(863) 904-6833	museum@flysnf.org	https://www.floridaairmuseum.org	
Florida Museum of Natural History	3215 Hull Road, Gainesville, FL 32611	Gainesville	FL	(352) 846-2000	members@floridamuseum.ufl.edu	https://www.floridamuseum.ufl.edu/	
Gillespie Museum	234 E Michigan Ave, Deland, FL 32724	Deland	FL	(386) 822-7330	gillespiemuseum@stetson.edu	https://www.stetson.edu/other/gillespie-museum	
Great Explorations Children's Museum	1925 4th St N, Saint Petersburg, FL 33704	Saint Petersburg	FL	(727) 821-8992	info@greatex.org	https://greatex.org/	Proof of Residence Required
IMAG History & Science Center	2000 Cranford Ave, Fort Myers, FL 33916	Fort Myers	FL	(239) 243-0043	imag@cityftmyers.com	https://theimag.org/	Proof of Residence Required
Loggerhead Marinelife Center	14200 US Highway 1, Juno Beach, FL 33408	Juno Beach	FL	(561) 627-8280		https://marinelife.org/	
MOSI (Museum of Science & Innovation)	4801 E Fowler Ave, Tampa, FL 33617	Tampa	FL	(813) 987-6000	membership@mosi.org	https://www.mosi.org/	Proof of Residence Required
Museum of Discovery and Science	401 SW 2nd St, Fort Lauderdale, FL 33312	Fort Lauderdale	FL	(954) 467-6637	members@mods.org	http://mods.org/	Proof of Residence Required
Museum of Science & History of Jacksonville	1025 Museum Cir, Jacksonville, FL 32207	Jacksonville	FL	(904) 396-6674		https://themosh.org/	
Orlando Science Center	777 E Princeton St, Orlando, FL 32803	Orlando	FL	(407) 514-2000	oscmembership@osc.org	https://www.osc.org/	Proof of Residence Required
Pensacola MESS Hall	418 E Wright St, Pensacola, FL 32501	Pensacola	FL	(877) 937-6377	info@pensacolamesshall.org	https://pensacolamesshall.org/	Proof of Residence Required
Phillip and Patricia Frost Museum of Science	1101 Biscayne Blvd, Miami, FL 33132	Miami	FL	(305) 434-9600	Membership@frostscience.org	https://www.frostscience.org/	Proof of Residence Required
Science and Discovery Center of Northwest Florida	308 Airport Rd, Panama City, FL 32405	Panama City	FL	(850) 769-6128	sdc@sdcnwfl.org	https://scienceanddiscoverycenter.org/	
The Bishop Museum of Science and Nature	201 10th St W, Bradenton, FL 34205	Bradenton	FL	(941) 746-4131	CommunityEngagement@BishopScience.org	https://bishopscience.org/	Proof of Residence Required
Maui Ocean Center	192 Maalaea Rd, Wailuku, HI, 96793	Wailuku	HI	(808) 270-7000	aloha@mauioceancenter.com	https://mauioceancenter.com/	
Discovery Center of Idaho	131 W Myrtle St, Boise, ID 83702	Boise	ID	(208) 343-9895	discoverycenterofidaho@scidaho.org	https://www.dcidaho.org/	
Idaho Museum of Natural History	698 E Dillon St, Pocatello, ID 83201	Pocatello	ID	(208) 282-3168	imnh@isu.edu	https://www.isu.edu/imnh/	
Burpee Museum of Natural History	737 N Main St, Rockford, IL 61103	Rockford	IL	(815) 965-3433	burpee@burpee.org	http://www.burpee.org/	Proof of Residence Required
Cernan Earth and Space Center at Triton College	2000 5th Ave, River Grove, IL 60171	River Grove	IL	(708) 456-0300	cernan@triton.edu	https://www.triton.edu/cernan	
Children's Discovery Museum	101 East Beaufort Street, Normal, IL 61761	Normal	IL	(309) 433-3444	museum@normal.org	https://www.childrensdiscoverymuseum.net/	Proof of Residence Required
Children's Museum of Illinois	55 South Country Club Road, Decatur, IL 62521	Decatur	IL	(217) 423-5437	info@cmofil.org	https://cmofil.org/	
Discovery Center Museum	711 N Main St, Rockford, IL 61103	Rockford	IL	(815) 963-6769	adminassistant@discoverycentermuseum.org	https://www.discoverycentermuseum.org/	Proof of Residence Required
Griffin Museum of Science and Industry	5700 South DuSable Lake Shore Drive, Chicago, IL 60637	Chicago	IL	(773) 684-1414	membership@griffinmsi.org	https://www.griffinmsi.org/	Proof of Residence Required
International Museum of Surgical Science	1524 N Lake Shore Dr, Chicago, IL 60610	Chicago	IL	(312) 642-6502	info@imss.org	https://imss.org/	
Kidzeum of Health and Science	412 E Adams St, Springfield, IL 62701	Springfield	IL	(217) 679-2123	info@kidzeum.org	https://kidzeum.org/	Proof of Residence Required
Peggy Notebaert Nature Museum	2430 N Cannon Dr, Chicago, IL 60614	Chicago	IL	(773) 755-5100	membership@naturemuseum.org	https://www.naturemuseum.org/	Proof of Residence Required
Peoria PlayHouse Children's Museum	2218 N Prospect Rd, Peoria, IL 61603	Peoria	IL	(309) 323-6893	playhouse@peoriaparks.org	https://peoriaplayhouse.org/	Proof of Residence Required
Carnegie Museum of Montgomery County	222 S Washington St, Crawfordsville, IN 47933	Crawfordsville	IN	(765) 362-4618	info@carnegiemuseum.in.gov	https://carnegiemuseum.in.gov/	
Evansville Museum of Arts, History and Science	411 SE Riverside Dr, Evansville, IN 47713	Evansville	IN	(812) 425-2406	tarrah@emuseum.org	https://emuseum.org/	Proof of Residence Required
Peoria Riverfront Museum	222 SW Washington St, Peoria, IL 61602	Peoria	IL	(309) 686-7000	development@peoriariverfrontmuseum.org	https://www.peoriariverfrontmuseum.org/	Proof of Residence Required
The Science Center	1237 E Main St # 1048, Carbondale, IL 62901	Carbondale	IL	(618) 529-5431	si.sciencecenter@gmail.com	https://sciencecentersi.com/	
Imagination Station	600 N 4th St, Lafayette, IN 47901	Lafayette	IN	(765) 420-7780	info@imagination-station.org	https://www.imagination-station.org/	
Indiana State Museum and Historic Sites	650 W Washington St, Indianapolis, IN 46204	Indianapolis	IN	(317) 232-1637	museumcommunication@indianamuseum.org	https://www.indianamuseum.org	Proof of Residence Required
Minnetrista Museum & Gardens	1200 N Minnetrista Pkwy, Muncie, IN 47303	Muncie	IN	(765) 282-4848	info@minnetrista.net	https://minnetrista.net/	
Muncie Children's Museum	515 S High St, Muncie, IN 47305	Muncie	IN	(765) 286-1660		https://www.munciemuseum.com	
Science Central	1950 North Clinton Street, Fort Wayne, IN 46805	Fort Wayne	IN	(260) 424-2400	members.crew@sciencecentral.org	https://www.sciencecentral.org/	
Family Museum	2900 Learning Campus Dr, Bettendorf, IA 52722	Bettendorf	IA	(563) 344-4106	familymuseum@bettendorf.org	https://familymuseum.org/	Proof of Residence Required
Terre Haute Children's Museum	727 Wabash Ave, Terre Haute, IN 47807	Terre Haute	IN	(812) 235-5548	info@terrehautechildrensmuseum.com	https://thchildrensmuseum.com/	Proof of Residence Required
WonderLab Museum of Science, Health and Technology	308 W. 4th Street, Bloomington, IN 47404	Bloomington	IN	(812) 337-1337	membership@wonderlab.org	https://www.wonderlab.org/	
Putnam Museum and Science Center	1717 W 12th St, Davenport, IA 52804	Davenport	IA	(563) 324-1933	ncalzada@putnam.org	https://www.putnam.org/	
Cosmosphere	1100 North Plum Street, Hutchinson, KS 67501	Hutchinson	KS	(620) 665-9310	membership@cosmo.org	https://cosmo.org/	
Exploration Place, The Sedgwick County Science and Discovery Center	300 N McLean Blvd, Wichita, KS 67203	Wichita	KS	(316) 660-0600	discover@exploration.org	https://exploration.org/	Proof of Residence Required
Flint Hills Discovery Center	315 S 3rd St, Manhattan, KS 66502	Manhattan	KS	(785) 587-2726	membership.fhdc@cityofmhk.com	https://www.flinthillsdiscovery.org/3517/Become-a-Member	Proof of Residence Required
Museum of Discovery	500 President Clinton Ave Ste 150, Little Rock, AR 72201	Little Rock	AR	(501) 396-7050	info@museumofdiscovery.org	https://museumofdiscovery.org	Proof of Residence Required
Sternberg Museum of Natural History	3000 Sternberg Dr, Hays, KS 67601	Hays	KS	(785) 628-5569	sternbergpr@fhsu.edu	https://sternberg.fhsu.edu/	
Strataca	3650 E. Ave. G, Hutchinson, KS 67501	Hutchinson	KS	(620) 662-1425	info@underkansas.org	https://underkansas.org/	Proof of Residence Required
University of Kansas Natural History Museum	1345 Jayhawk Blvd, Lawrence, KS 66045	Lawrence	KS	(785) 864-4450	nhmvs@ku.edu	https://biodiversity.ku.edu/	
East Kentucky Science Center & Varia Planetarium	1 Bert Combs Dr, Prestonsburg, KY 41653	Prestonsburg	KY	(606) 889-4990	Cghent0002@kctcs.edu	https://bigsandy.kctcs.edu/community/eksc/index.aspx	
Highlands Museum and Discovery Center	1620 Winchester Avenue, Ashland, KY 41101	Ashland	KY	(606) 329-8888	info@highlandsmuseum.com	https://highlandsmuseum.com/	
Hopewell Museum	800 Pleasant Street, Paris, KY 40361	Paris	KY	(859) 987-7274	info@hopewellmuseum.org	https://www.hopewellmuseum.org/	
Membrship Kentucky Science Center	727 W Main St, Louisville, KY 40202	Louisville	KY	(502) 561-6100	kscmembership@kysciencecenter.org	https://kysciencecenter.org/	Proof of Residence Required
Owensboro Museum of Science and History	122 E 2nd St, Owensboro, KY 42303	Owensboro	KY	(270) 687-2732	support@owensboromuseum.org	https://owensboromuseum.org/	
River Discovery Center	117 South Water Street, Paducah, KY 42001	Paducah	KY	(270) 575-9958	llaunius@riverdiscoverycenter.org	https://www.riverdiscoverycenter.org/	
The Aviation Museum of Kentucky	4029 Airport Rd, Lexington, KY 40510	Lexington	KY	(859) 231-1219	museum@aviationky.org	https://www.aviationky.org/	Proof of Residence Required
The Living Arts & Science Center	362 N Martin Luther King Blvd, Lexington, KY 40508	Lexington	KY	(859) 252-5222	info@lasclex.org	https://lasclex.org/	Proof of Residence Required
Louisiana Art and Science Museum	100 River Rd S, Baton Rouge, LA 70802	Baton Rouge	LA	(225) 344-5272	lasm@lasm.org	https://www.lasm.org/	
Louisiana Children's Museum	15 Henry Thomas Drive, New Orleans, LA 70124	New Orleans	LA	(504) 523-1357		https://www.lcm.org/	
Sci-Port Discovery Center	820 Clyde Fant Pkwy, Shreveport, LA 71101	Shreveport	LA	(318) 424-3466	membership@sciport.org	https://sci-port.org/	Proof of Residence Required
University of Louisiana at Lafayette Science Museum	433 Jefferson Street, Lafayette, LA 70501	Lafayette	LA	(337) 291-5544		https://lafayettesciencemuseum.org/	Proof of Residence Required
Maine Discovery Museum	74 Main Street, Bangor, ME 04401	Bangor	ME	(207) 262-7200	info@mainediscoverymuseum.org	https://www.mainediscoverymuseum.org/	Proof of Residence Required
College Park Aviation Museum	1985 Corporal Frank Scott Drive, College Park, MD 20740	College Park	MD	(301) 864-6029	collegeparkaviation@pgparks.com	http://www.fieldoffirsts.com/	
Owls Head Transportation Museum	117 Museum St. PO Box 277, Owls Head, ME 04854	Owls Head	ME	(207) 594-4418	membership@ohtm.org	https://owlshead.org/	Proof of Residence Required
Western Science Center	2345 Searl Pkwy, Hemet, CA 92543	Hemet	CA				
Maryland Science Center	601 Light St, Baltimore, MD 21230	Baltimore	MD	(410) 685-2370	members@mdsci.org	https://www.mdsci.org/	Proof of Residence Required
SHU Discovery Science Center and Planetarium	4450 Park Ave, Bridgeport, CT 06604	Bridgeport	CT				Proof of Residence Required
EcoTarium	222 Harrington Way, Worcester, MA 01604	Worcester	MA	(508) 929-2700	info@ecotarium.com	https://ecotarium.org/	Proof of Residence Required
Harvard Museums of Science & Culture	26 Oxford St, Cambridge, MA 02138	Cambridge	MA	(617) 495-3045	members@hmsc.harvard.edu	https://hmsc.harvard.edu/	Proof of Residence Required
Museum of Science, Boston	1 Science Park, Boston, MA 02114	Boston	MA	(617) 723-2500	information@mos.org	https://www.mos.org/	
Springfield Museums	21 Edwards St, Springfield, MA 01103	Springfield	MA	(413) 263-6800	membership@springfieldmuseums.org	https://springfieldmuseums.org/	
Woods Hole Oceanographic Institution Ocean Science Discovery Center	15 School Street, Ocean Science Discovery Center, Woods Hole, MA 02543	Woods Hole	MA	(508) 289-2663	development@whoi.edu	https://www.whoi.edu/	Proof of Residence Required
Alden B. Dow Museum of Science & Art	1801 W Saint Andrews Rd, Midland, MI 48640	Midland	MI	(989) 631-5930	info@midlandcenter.org	https://www.midlandcenter.org/	
Ann Arbor Hands-On Museum	220 E Ann St, Ann Arbor, MI 48104	Ann Arbor	MI	(734) 995-5439	membership@discoverscienceandnature.org	https://discoverscienceandnature.org/	
Cranbrook Institute of Science	39221 Woodward Ave, Bloomfield, MI 48304	Bloomfield	MI	(248) 645-3245	sciencemembership@cranbrook.edu	https://science.cranbrook.edu/	
Dennos Museum Center	1701 E Front St, Traverse City, MI 49686	Traverse City	MI	(231) 995-1055	dmc@nmc.edu	https://www.dennosmuseum.org/	
Ella Sharp Museum	3225 Fourth St., Jackson, MI 49203	Jackson	MI	(517) 787-2320	info@ellasharp.org	https://ellasharpmuseum.org/	Proof of Residence Required
Flint Children's Museum	1602 West University Avenue, Flint, MI 48504	Flint	MI	(810) 767-5437	discovery@flintchildrensmuseum.org	https://flintchildrensmuseum.org/	Proof of Residence Required
Grand Rapids Children's Museum	11 Sheldon Ave, NE Grand Rapids, MI 49503	NE Grand Rapids	MI	(616) 235-4726	memberships@grcm.org	https://www.grcm.org	
Grand Rapids Public Museum	272 Pearl St NW, Grand Rapids, MI 49504	Grand Rapids	MI	(616) 929-1700	info@grpm.org	https://www.grpm.org/	
Impression 5 Science Center	200 Museum Dr, Lansing, MI 48933	Lansing	MI	(517) 485-8116	white@impression5.org	https://impression5.org/	Proof of Residence Required
Michigan Flight Museum & Air Adventures	47884 D St, Belleville, MI 48111	Belleville	MI	(734) 483-4030	grouptours@miflightmuseum.org	https://miflightmuseum.org/	
Bell Museum	2088 Larpenteur Ave W, Saint Paul, MN 55113	Saint Paul	MN	(612) 626-9660	Bellinfo@umn.edu	https://www.bellmuseum.umn.edu/	Proof of Residence Required
Cox Science Center and Aquarium	4801 Dreher Trl N, West Palm Beach, FL 33405	West Palm Beach	FL				Proof of Residence Required
Sloan Museum of Discovery and Longway Planetarium	1221 E Kearsley St, Flint, MI 48503	Flint	MI	(810) 237-3450	MFitzpatrick@SloanLongway.org	https://sloanlongway.org/	
University of Michigan Museum of Natural History	Biological Sciences Building, 1105 N University Ave, Ann Arbor, MI 48109	Ann Arbor	MI	(734) 764-0478	ummnh.membership@umich.edu	https://lsa.umich.edu/ummnh	
Duluth Children's Museum	2125 West Superior Street, Duluth, MN 55806	Duluth	MN	(218) 733-7543	explore@playduluth.org	https://www.duluthchildrensmuseum.org/	Proof of Residence Required
Headwaters Science Center	413 Beltrami Ave NW, Bemidji, MN 56601	Bemidji	MN	(218) 444-4472	contact@hscbemidji.org	https://www.hscbemidji.org/	Proof of Residence Required
Historical and Cultural Society of Clay County	202 1st Ave N, Hjemkomst Center, Moorhead, MN 56560	Moorhead	MN	(218) 299-5511		http://www.hcscconline.org/	
Lake Superior Zoo	7210 Fremont Street, Duluth, MN 55807	Duluth	MN	(218) 730-4500	info@lszoo.org	https://lszooduluth.org/	Proof of Residence Required
Minnesota Children's Museum	10 7th St W, Saint Paul, MN 55102	Saint Paul	MN	(651) 225-6000	mcm@mcm.org	https://mcm.org/	Proof of Residence Required
Mississippi Museum of Natural Science	2148 Riverside Dr, Jackson, MS 39202	Jackson	MS	(601) 576-6000	info@mmnsfoundation.com	https://www.mdwfp.com/location/museum-natural-science	
Science Museum of Minnesota	120 Kellogg Blvd W, Saint Paul, MN 55102	Saint Paul	MN	(651) 221-9444	info@smm.org	https://new.smm.org/	
The Bakken Museum	3537 Zenith Ave S, Minneapolis, MN 55416	Minneapolis	MN	(612) 926-3878	info@thebakken.org	https://thebakken.org/	Proof of Residence Required
The Works Museum	9740 Grand Ave S, Bloomington, MN 55420	Bloomington	MN	(952) 888-4262	memberships@theworks.org	https://theworks.org/	Proof of Residence Required
Tellus Science Museum	100 Tellus Drive, Cartersville, GA 30120	Cartersville	GA				
Bootheel Youth Museum	700A N Douglass St, Malden, MO 63863	Malden	MO	(573) 276-3600	info@bootheelyouthmuseum.org	https://www.bootheelyouthmuseum.org/	
Discovery Center of Springfield	438 E Saint Louis St, Springfield, MO 65806	Springfield	MO	(417) 862-9910	info@discoverycenter.org	https://www.discoverycenter.org/	Proof of Residence Required
Saint Louis Science Center	5050 Oakland Ave, Saint Louis, MO 63110	Saint Louis	MO	(314) 289-4400	memberships@slsc.org	https://www.slsc.org/	Proof of Residence Required
Union Station Kansas City	30 W Pershing Rd, Kansas City, MO 64108	Kansas City	MO	(816) 460-2020		https://unionstation.org/	
ExplorationWorks	995 Carousel Way, Helena, MT 59601	Helena	MT	(406) 457-1800	info@explorationworks.org	https://www.explorationworks.org/	
Montana Natural History Center	120 Hickory St Ste A, Missoula, MT 59801	Missoula	MT	(406) 327-0405	frontdesk@montananaturalist.org	https://www.montananaturalist.org/	
Columbus Area Children’s Museum	2500 14th St # 1, Columbus, NE 68601	Columbus	NE	(531) 230-8091	info@columbuslearnandplay.org	https://columbuslearnandplay.org/	Proof of Residence Required
Museum of the Rockies	600 West Kagy Boulevard, Bozeman, MT 59717	Bozeman	MT	(406) 994-2251	members@montana.edu	https://www.museumoftherockies.org/	
spectrUM Discovery Area	455 E Main St, Missoula, MT 59802	Missoula	MT	(406) 728-7836	spectrum@umontana.edu	https://www.umt.edu/spectrum	
Wise Wonders Science and Discovery Museum	3024 2nd Ave N, Billings, MT 59101	Billings	MT	(406) 702-1280	info@wisewonders.org	https://wisewonders.org/	
Edgerton Explorit Center	208 16th St, Aurora, NE 68818	Aurora	NE	(402) 694-4032	mary@edgerton.org	https://edgerton.org/	
Hastings Museum	1330 N Burlington Ave, Hastings, NE 68901	Hastings	NE	(402) 461-2399	info@hastingsmuseum.org	https://hastingsmuseum.org/	Proof of Residence Required
Kiewit Luminarium	345 Riverfront Drive, Omaha, NE 68102	Omaha	NE	(402) 502-336	info@kiewitluminarium.org	https://kiewitluminarium.org	Proof of Residence Required
Lincoln Children's Museum	1420 P St, Lincoln, NE 68508-1635	Lincoln	NE	(402) 477-4000	info@lincolnchildrensmuseum.org	https://lincolnchildrensmuseum.org/	
Fleischmann Planetarium and Science Center	1664 N Virginia St, Reno, NV 89557	Reno	NV	(775) 784-4812	planetarium@unr.edu	https://www.unr.edu/planetarium	Proof of Residence Required
Adler Planetarium	1300 S Dusable Lake Shore Dr, Chicago, IL 60605	Chicago	IL				Proof of Residence Required
Strategic Air Command and Aerospace Museum	28210 W Park Hwy, Ashland, NE 68003	Ashland	NE	(402) 944-3100	info@sacmuseum.org	https://www.sacmuseum.org/	Proof of Residence Required
University of Nebraska State Museum of Natural History-Morrill Hall	Morrill Hall, 645 N 14th St, Lincoln, NE 68588	Lincoln	NE	(402) 472-2637	unsmmembership@unl.edu	https://museum.unl.edu	
Las Vegas Natural History Museum	900 Las Vegas Blvd N, Las Vegas, NV 89101	Las Vegas	NV	(702) 384-3466	dino@lvnhm.org	https://www.lvnhm.org/	Proof of Residence Required
McAuliffe-Shepard Discovery Center	2 Institute Dr, Concord, NH 03301	Concord	NH	(603) 271-7827	kthompson@starhop.com	https://www.starhop.com/	Proof of Residence Required
Liberty Science Center	222 Jersey City Blvd, Jersey City, NJ 07305	Jersey City	NJ	(201) 200-1000	members@lsc.org	https://lsc.org/	Proof of Residence Required
Bradbury Science Museum, Los Alamos National Laboratory	1350 Central Ave, Los Alamos, NM 87544	Los Alamos	NM				Proof of Residence Required
LaunchPAD Children's Museum	623 Pearl St, Sioux City, IA 51101	Sioux City	IA				
The Children's Museum of New Hampshire	6 Washington St, Dover, NH 03820	Dover	NH	(603) 742-2002	questions@childrens-museum.org	https://www.childrens-museum.org/	
New Jersey State Museum	205 West State Street, Trenton, NJ 08608	Trenton	NJ	(609) 292-6464	NJSM.Info@sos.nj.gov	https://www.nj.gov/state/museum/	
Explora	1701 Mountain Rd NW, Albuquerque, NM 87104	Albuquerque	NM	(505) 600-6072	explora@explora.us	https://www.explora.us/	
Farmington Museum	3041 E Main St, Farmington, NM 87402	Farmington	NM	(505) 599-1174	naugustine@farmingtonnm.gov	https://www.farmingtonnm.gov/248/Farmington-Museum-at-Gateway-Park	Proof of Residence Required
Brooklyn Children's Museum	145 Brooklyn Avenue, Brooklyn, NY 11213	Brooklyn	NY	(718) 735-4400	membership@brooklynkids.org	https://www.brooklynkids.org/	Proof of Residence Required
Science Center of Iowa	401 Martin Luther King Jr Pkwy, Des Moines, IA 50309	Des Moines	IA	(515) 274-6868	membership@sciowa.org	https://www.sciowa.org/	
New Mexico Museum of Natural History and Science	1801 Mountain Rd NW, Albuquerque, NM 87104	Albuquerque	NM	(505) 841-2800	info@naturalhistoryfoundation.org	https://www.nmnaturalhistory.org/	Proof of Residence Required
The New Mexico Museum of Space History	3198 State Route 2001, Alamogordo, NM 88310	Alamogordo	NM	(575) 437-2840		https://www.nmspacemuseum.org/	
Buffalo Museum of Science	1020 Humboldt Pkwy, Buffalo, NY 14211	Buffalo	NY	(716) 896-5200	membership@sciencebuff.org	https://www.sciencebuff.org/	
Corning Museum of Glass	1 Museum Way, Corning, NY 14830	Corning	NY	(607) 438-5600	membership@cmog.org	https://www.cmog.org/	
Cradle of Aviation Museum	Charles Lindbergh Boulevard, Garden City, NY 11530	Garden City	NY	(516) 572-4111		https://www.cradleofaviation.org/	Proof of Residence Required
Intrepid Museum	1 Intrepid Sq, 12th Avenue & West 46th Street, New York, NY 10036	New York	NY	(646) 381-5030	membership@intrepidmuseum.org	https://intrepidmuseum.org/	Proof of Residence Required
Kopernik Observatory & Science Center	698 Underwood Rd, Vestal, NY 13850	Vestal	NY	(607) 748-3685	info@kopernik.org	https://www.kopernik.org/	
Long Island Children's Museum	11 Davis Ave, Garden City, NY 11530	Garden City	NY	(516) 224-5800	membership@licm.org	https://www.licm.org/	Proof of Residence Required
Long Island Explorium	101 E Broadway, Port Jefferson, NY 11777	Port Jefferson	NY	(631) 331-3277	Info@Longislandexplorium.org	https://longislandexplorium.org/	
Mid-Hudson Discovery Museum	75 N Water St, Poughkeepsie, NY 12601-1720	Poughkeepsie	NY	(845) 471-0589	info@mhdm.org	https://mhdm.org/	Proof of Residence Required
miSci (Museum of Innovation and Science)	15 Museum Dr., Schenectady, NY 12308	Schenectady	NY	(518) 382-7890	membership@misci.org	https://www.misci.org/	Proof of Residence Required
Museum of Science & Technology (MOST)	500 S Franklin St, Syracuse, NY 13202	Syracuse	NY	(315) 425-9068	membership@most.org	https://www.most.org	Proof of Residence Required
Museum of the Earth at the Paleontological Research Institution	1259 Trumansburg Rd, Ithaca, NY 14850	Ithaca	NY	(607) 273-6623	membership@priweb.org	https://www.museumoftheearth.org/	
National Museum of Mathematics (MoMath)	225 5th Ave, New York, NY 10010	New York	NY	(212) 542-0566	membership@momath.org	https://momath.org/	Proof of Residence Required
New York Hall of Science	4701 111th St, Corona, NY 11368	Corona	NY	(718) 699-0005	membership@nysci.org	https://nysci.org/	Proof of Residence Required
New York Transit Museum	99 Schermerhorn St, Brooklyn, NY 11201	Brooklyn	NY	(718) 694-1600	membership@nytransitmuseum.org	https://www.nytransitmuseum.org/	Proof of Residence Required
Roberson Museum	30 Front St, Binghamton, NY 13905	Binghamton	NY	(607) 772-0660	membership@roberson.org	https://www.roberson.org/	
Rochester Museum & Science Center	657 East Ave, Rochester, NY 14607	Rochester	NY	(585) 271-4320	info@rmsc.org	https://rmsc.org/	
Sciencenter	601 1st St, Ithaca, NY 14850	Ithaca	NY	(607) 272-0600	membership@sciencenter.org	https://sciencenter.org/	Proof of Residence Required
Sci-Tech Museum	154 Stone St, Watertown, NY 13601	Watertown	NY	(315) 788-1340	scitech@scitechcenter.org	https://www.scitechcenter.org/	
Airlie Gardens	300 Airlie Road, Wilmington, NC 28403	Wilmington	NC	(910) 798-7700	airlieinfo@nhcgov.com	https://airliegardens.org/	Proof of Residence Required
Asheville Museum of Science	43 Patton Ave, Asheville, NC 28801	Asheville	NC	(828) 254-7162	memberships@ashevillescience.org	https://ashevillescience.org/	Proof of Residence Required
Staten Island Children's Museum	1000 Richmond Ter, Staten Island, NY 10301	Staten Island	NY	(718) 273-2060	donorservices@sichidrensmuseum.org	https://sichildrensmuseum.org/	Proof of Residence Required
Wings of Eagles Discovery Center	339 Daniel Zenker Dr, Horseheads, NY 14845	Horseheads	NY	(607) 358-4247	info@wingsofeagles.com	https://www.wingsofeagles.com/	
renovations. Catawba Science Center	243 3rd Avenue NE, Hickory, NC 28601	Hickory	NC	(828) 322-8169	membership@catawbascience.org	https://catawbascience.org/	Proof of Residence Required
Children's Museum & Science Center, Imperial Centre for the Arts & Sciences	270 Gay St, Rocky Mount, NC 27804	Rocky Mount	NC	(252) 972-1266	info@imperialcentre.org	https://imperialcentre.org/	
Discovery Place	301 N Tryon St, Charlotte, NC 28202	Charlotte	NC	(704) 372-6261	Members@discoveryplace.org	https://www.discoveryplace.org/	Proof of Residence Required
Discovery Place Kids Huntersville	105 Gilead Rd, Huntersville, NC 28078	Huntersville	NC	(704) 286-8302	askus@discoveryplace.org	https://kids.discoveryplace.org/huntersville/	Proof of Residence Required
Hands On! Children's Museum	318 N Main St, Hendersonville, NC 28792-0407	Hendersonville	NC	(828) 697-8333	info@handsonwnc.org	https://handsonwnc.org/	
Imagination Station Science and History Museum	224 Nash St SE, Wilson, NC 27893	Wilson	NC	(252) 291-5113	info@imaginescience.org	https://scienceandhistory.org/	
Kaleideum	120 W Third Street, Winston-Salem, NC 27101	Winston-Salem	NC	(336) 767-6730	info@kaleideum.org	https://www.kaleideum.org/	Proof of Residence Required
Marbles Kids Museum	201 East Hargett Street, Raleigh, NC 27601	Raleigh	NC	(919) 834-4040	membership@marbleskidsmuseum.org	https://www.marbleskidsmuseum.org/	Proof of Residence Required
Morehead Planetarium and Science Center	250 E Franklin St, Chapel Hill, NC 27514	Chapel Hill	NC	(919) 962-1236	mpscmembers@email.unc.edu	https://moreheadplanetarium.org/	Proof of Residence Required
Museum of Coastal Carolina and Ingram Planetarium	21 E 2nd St, Ocean Isle Beach, NC 28469	Ocean Isle Beach	NC	(910) 579-1016	marketing@museumplanetarium.org	https://www.museumplanetarium.org	Proof of Residence Required
Museum of Life and Science	433 W Murray Ave, Durham, NC 27704	Durham	NC	(919) 220-5429	membership@lifeandscience.org	https://www.lifeandscience.org/	Proof of Residence Required
North Carolina Museum of Natural Sciences	11 W Jones St, Raleigh, NC 27601	Raleigh	NC	(919) 707-9800	membership@naturalsciences.org	https://naturalsciences.org/	
Discovery Station at Hagerstown	14326 Barrick Ave, Cascade, MD 21719	Cascade	MD	(301) 790-0076	info@discoverystation.org	https://discoverystation.org/	
Port Discover	611 E Main St, Elizabeth City, NC 27909	Elizabeth City	NC	(252) 338-6117	go@portdiscover.org	https://www.portdiscover.org/	Proof of Residence Required
Schiele Museum of Natural History and Planetarium	1500 E Garrison Blvd, Gastonia, NC 28054	Gastonia	NC	(704) 866-6900	SchieleMuseum@gmail.com	https://www.schielemuseum.org/	Proof of Residence Required
Western North Carolina Nature Center	75 Gashes Creek Rd, Asheville, NC 28805	Asheville	NC	(828) 259-8080	membership@wildwnc.org	https://wildwnc.org/	
Magic City Discovery Center	1545 1st St NW, Minot, ND 58703	Minot	ND	(701) 858-7529	info@magiccitydiscoverycenter.com	https://www.magiccitydiscoverycenter.com/	Proof of Residence Required
Boonshoft Museum of Discovery	2600 Deweese Pkwy, Dayton, OH 45414	Dayton	OH	(937) 275-7431	membership@boonshoftmuseum.org	https://boonshoft.org/	Proof of Residence Required
Cincinnati Museum Center	1301 Western Ave, Cincinnati, OH 45203	Cincinnati	OH	(513) 287-7000	membership@cincymuseum.org	https://www.cincymuseum.org/	Proof of Residence Required
Cleveland Museum of Natural History	1 Wade Oval Dr, Cleveland, OH 44106	Cleveland	OH	(216) 231-4600	membership@cmnh.org	https://www.cmnh.org/	Proof of Residence Required
North Dakota's Gateway to Science	1600 Canary Avenue, Bismarck, ND 58501	Bismarck	ND	(701) 258-1975	memberships@gscience.org	https://gatewaytoscience.org/	Proof of Residence Required
Berkshire Museum	39 South St, Pittsfield, MA 01201	Pittsfield	MA	(413) 443-7171	membership@berkshiremuseum.org	https://berkshiremuseum.org/	Proof of Residence Required
Great Lakes Science Center	601 Erieside Ave, Cleveland, OH 44114	Cleveland	OH	(216) 694-2000	membership@glsc.org	https://greatscience.com/	Proof of Residence Required
Imagination Station, Toledo	1 Discovery Way, Toledo, OH 43604	Toledo	OH	(419) 244-2674	membership@istscience.org	https://www.imaginationstationtoledo.org/	Proof of Residence Required
McKinley Presidential Library & Museum	800 McKinley Monument Dr NW, Canton, OH 44708	Canton	OH	(330) 455-7043	zeverman@mckinleymuseum.org	https://mckinleymuseum.org/	
OH WOW! The Roger & Gloria Jones Children's Center for Science & Technology	15 Central Square, Youngstown, OH 44503	Youngstown	OH	(330) 744-5914	technology@OHWOWKids.org	https://ohwowkids.org/	
Discovery Lab	3123 Riverside Drive, Tulsa, OK, 74105	Tulsa	OK	(918) 295-8144	membership@discoverylab.org	https://discoverylab.org/	Proof of Residence Required
SPI: Where Science and Play Intersect	400 South Main Street, Mount Vernon, OH 43050	Mount Vernon	OH	(740) 501-7616	spispothelpers@gmail.com	https://www.spi-mountvernon.org/	Proof of Residence Required
The Works: Ohio Center for History, Art and Technology	55 S 1st St, Newark, OH 43055	Newark	OH	(740) 349-9277	info@attheworks.org	https://attheworks.org/	Proof of Residence Required
Air Zoo	6151 Portage Rd, Portage, MI 49002	Portage	MI				Proof of Residence Required
Evergreen Aviation & Space Museum	500 NE Captain Michael King Smith Way, McMinnville, OR 97128	McMinnville	OR	(503) 434-4180	membership@evergreenmuseum.org	https://www.evergreenmuseum.org/	Proof of Residence Required
Gilbert House Children's Museum	116 Marion Street NE, Salem, OR 97301	Salem	OR	(503) 371-3631	membership@acgilbert.org	https://acgilbert.org/	Proof of Residence Required
Oregon Museum of Science and Industry	1945 SE Water Ave, Portland, OR 97214	Portland	OR	(503) 797-4000	info@omsi.edu	https://omsi.edu/	Proof of Residence Required
ScienceWorks Hands-On Museum	1500 E Main St, Ashland, OR 97520	Ashland	OR	(541) 482-6767	info@scienceworksmuseum.org	https://scienceworksmuseum.org/	
Sunriver Nature Center & Observatory	57245 River Rd, Sunriver, OR 97707	Sunriver	OR	(541) 593-4394	info@snco.org	https://snco.org/	
University of Oregon Museum of Natural and Cultural History	1680 East 15th Ave, Eugene, OR 97403	Eugene	OR	(541) 346-3024	mnchvisitorservices@uoregon.edu	https://mnch.uoregon.edu/	Proof of Residence Required
Children's Museum of Pittsburgh	10 Childrens Way, Pittsburgh, PA 15212	Pittsburgh	PA	(412) 322-5058	members@pittsburghkids.org	https://pittsburghkids.org/	Proof of Residence Required
Da Vinci Science Center	815 West Hamilton Street, Allentown, PA 18101	Allentown	PA	(484) 664-1002	members@davincisciencecenter.org	https://www.davincisciencecenter.org/	
Discovery Space of Central Pennsylvania	1224 N Atherton St, State College, PA 16803	State College	PA	(814) 234-0200	FrontDesk@DiscoverySpace.org	https://discoveryspace.org/	Proof of Residence Required
expERIEnce Children's Museum	420 French St, Erie, PA 16507	Erie	PA	(814) 453-3743	kristina@eriechildrensmuseum.org	https://www.eriechildrensmuseum.org/	Proof of Residence Required
Kamin Science Center	1 Allegheny Ave, Pittsburgh, PA 15212	Pittsburgh	PA	(412) 237-3400	membership@KaminScienceCenter.org	https://kaminsciencecenter.org/	Proof of Residence Required
Lacawac Sanctuary Foundation	94 Sanctuary Rd, Lake Ariel, PA 18436-6149	Lake Ariel	PA	(570) 689-9494	info@lacawac.org	https://www.lacawac.org/	
Lancaster Science Factory	454 New Holland Ave, Lancaster, PA 17602	Lancaster	PA	(717) 509-6363	info@tlsf.org	https://www.lancastersciencefactory.org/	
Lewisburg Children's Museum	815 Market Street Suite 14, Lewisburg, PA 17837	Lewisburg	PA	(570) 768-4914	info@lewisburgchildrensmuseum.org	https://www.lewisburgchildrensmuseum.org	Proof of Residence Required
Moonshot Museum	1016 N. Lincoln Ave., Pittsburgh, PA 15233	Pittsburgh	PA	(412) 314-4111	hello@moonshotmuseum.org	https://moonshotmuseum.org/	Proof of Residence Required
National Watch & Clock Museum	514 Poplar St, Columbia, PA 17512	Columbia	PA	(717) 684-8261		https://museum.nawcc.org	
North Museum of Nature and Science	400 College Ave, Lancaster, PA 17603	Lancaster	PA	(717) 358-3941	membership@northMuseum.org	https://northmuseum.org/	Proof of Residence Required
Reading Public Museum	500 Museum Rd, Reading, PA 19611	Reading	PA	(610) 371-5850	membership@readingpublicmuseum.org	https://www.readingpublicmuseum.org/	
The Academy of Natural Sciences of Drexel University	1900 Benjamin Franklin Pkwy, Philadelphia, PA 19103	Philadelphia	PA	(215) 299-1022	membership@ansp.org	https://ansp.org/	Proof of Residence Required
The Franklin Institute	222 N 20th St, Philadelphia, PA 19103	Philadelphia	PA	(215) 448-1200	membership@fi.edu	https://fi.edu/en	Proof of Residence Required
The State Museum of Pennsylvania	300 North St, Harrisburg, PA 17120	Harrisburg	PA	(717) 787-4980	RA-phstatemuseum@pa.gov	http://statemuseumpa.org/	Proof of Residence Required
Whitaker Center for Science and the Arts	222 Market Street, Harrisburg, PA 17101	Harrisburg	PA	(717) 214-2787	info@whitakercenter.org	https://www.whitakercenter.org/	Proof of Residence Required
Centro Criollo de Ciencia y Tecnologia del Caribe	59 Gautier Benitez, Caguas, PR 00725	Caguas	PR	(787) 653-6391	info@c3tec.org	https://www.c3tec.org/	
Providence Children's Museum	100 South St, Providence, RI 02903	Providence	RI	(401) 273-5437	Membership@ChildrenMuseum.org	https://providencechildrensmuseum.org/	Proof of Residence Required
Roper Mountain Science Center	402 Roper Mountain Rd, Greenville, SC 29615	Greenville	SC	(864) 355-8900	apyle@greenville.k12.sc.us	https://www.ropermountain.org/	
EcoExploratorio	525 Ave. Franklin Delano Roosevelt, Plaza las Americas Local 168 (second level), San Juan, PR	San Juan	PR	(787) 281-9090	info@ecoexploratorio.org	https://ecoexploratorio.org/	
South Dakota Discovery Center	805 W Sioux Ave, Pierre, SD 57501	Pierre	SD	(605) 224-8295	info@sd-discovery.org	https://sd-discovery.org/	
Adventure Science Center	800 Fort Negley Blvd, Nashville, TN 37203	Nashville	TN	(615) 862-5160	membership@adventuresci.org	https://www.adventuresci.org/	Proof of Residence Required
Children's Museum of Oak Ridge	461 W Outer Dr, Oak Ridge, TN 37830-3714	Oak Ridge	TN	(865) 482-1074	cmor@childrensmuseumofoakridge.org	https://childrensmuseumofoakridge.org	Proof of Residence Required
Discovery Center at Murfree Spring	502 SE Broad St, Murfreesboro, TN 37130	Murfreesboro	TN	(615) 890-2300	info@explorethedc.org	https://explorethedc.org/	Proof of Residence Required
Discovery Park of America	830 Everett Blvd, Union City, TN 38261	Union City	TN	(731) 885-5455	info@discoveryparkofamerica.com	https://discoveryparkofamerica.com/	Proof of Residence Required
Michigan Science Center	5020 John R St, Detroit, MI 48202	Detroit	MI	(313) 577-8400	membership@mi-sci.org	https://www.mi-sci.org/	
Hands On! Discovery Center	1212 Suncrest Dr, Gray, TN 37615	Gray	TN	(423) 434-4263	handson@visithandson.org	https://visithandson.org/	Proof of Residence Required
Hands-On Science Center	101 Mitchell Blvd, Tullahoma, TN 37388	Tullahoma	TN	(931) 455-8387	info@hosctn.org	https://www.hosc.org/	
Lichterman Nature Center	5992 Quince Road, Memphis, TN 38119	Memphis	TN	(901) 636-2211	info@moshmemphis.com	https://moshmemphis.com/explore/lichterman-nature-center/	Proof of Residence Required
McClung Museum of Natural History and Culture	1327 Circle Park Drive, Knoxville, TN 37996	Knoxville	TN	(865) 974-2144	museum@utk.edu	https://mcclungmuseum.utk.edu/	
Bledsoe Miller STEAM Center	300 N. Martin Luther King Jr. Blvd., Waco, TX 76704	Waco	TX	(254) 795-0231	lhelton@transformationwaco.org	https://www.wacosteamcenter.org/	
Children's Museum Houston	1500 Binz St, Houston, TX 77004	Houston	TX	(713) 522-1138	membership@cmhouston.org	https://www.cmhouston.org/	Proof of Residence Required
Memphis Museums of Science and History	3050 Central Ave, Memphis, TN 38111	Memphis	TN	(901) 636-2362	info@moshmemphis.com	https://www.memphismuseums.org/	Proof of Residence Required
Muse Knoxville	516 N Beaman St, Knoxville, TN 37914	Knoxville	TN	(865) 594-1494	shelby@themuseknoxville.org	https://www.themuseknoxville.org/	Proof of Residence Required
Pavek Museum of Electronic Communication	3517 Raleigh Avenue, St. Louis Park, MN 55416	St. Louis Park	MN	(952) 926-8198	contact@pavekmuseum.org	https://www.pavekmuseum.org/	
Don Harrington Discovery Center	1200 Streit Dr, Amarillo, TX 79106	Amarillo	TX	(806) 355-9547		https://discoverycenteramarillo.org/	
Fort Worth Museum of Science and History	1600 Gendy St, Fort Worth, TX 76107	Fort Worth	TX	(817) 255-9300	membership@fwmsh.org	https://www.fwmuseum.org/	Proof of Residence Required
Heard Natural Science Museum & Wildlife Sanctuary	1 Nature Pl, McKinney, TX 75069	McKinney	TX	(972) 562-5566	info@heardmuseum.org	https://www.heardmuseum.org/	Proof of Residence Required
International Museum of Art & Science	1900 W Nolana Avenue, McAllen, TX 78504	McAllen	TX	(956) 681-2800	memberships@theimasonline.com	https://theimasonline.org/	Proof of Residence Required
La Nube STEAM Discovery Center	201 W Main Dr, El Paso, TX 79901	El Paso	TX	(915) 290-4111	membership@la-nube.org	https://la-nube.org/	Proof of Residence Required
Longview World of Wonders	112 E Tyler St, Longview, TX 75601	Longview	TX	(903) 212-4969	office@longviewwow.org	https://www.longviewwow.org/	
Mayborn Museum, Baylor University	1300 S University Parks Dr, Waco, TX 76706	Waco	TX	(254) 710-1180	Mayborn_Museum_Membership@baylor.edu	https://www.baylor.edu/mayborn	Proof of Residence Required
Mayborn Science Theater	6200 W Central Texas Expy, Central Texas College Main Campus, Killeen, TX 76549	Killeen	TX	(254) 526-1800		http://www.starsatnight.org/	
McDonald Observatory & Frank N. Bash Visitors Center	3640 Dark Sky Dr, McDonald Obs, TX 79734	McDonald Obs	TX	(432) 426-3640	friends@mcdonaldobservatory.org	https://mcdonaldobservatory.org/	
Perot Museum of Nature and Science	2201 N Field St, Dallas, TX 75201	Dallas	TX	(214) 428-5555	membership@perotmuseum.org	https://www.perotmuseum.org/	Proof of Residence Required
Science Spectrum	2579 South Loop 289, Lubbock, TX 79423	Lubbock	TX	(806) 745-2525		https://www.sciencespectrum.org	Proof of Residence Required
Space Center Houston	1601 NASA Parkway, Houston, TX 77058	Houston	TX	(281) 244-2100	membership@spacecenter.org	https://spacecenter.org/	Proof of Residence Required
Texas Science & Natural History Museum	2400 Trinity St, Austin, TX 78712-1620	Austin	TX	(512) 232-0886	TMM.membership@austin.utexas.edu	https://sciencemuseum.utexas.edu/	Proof of Residence Required
The Discovery Science Place	308 North Broadway Avenue, Tyler, TX 75702	Tyler	TX	(903) 533-8011	info@discoveryscienceplace.org	https://www.discoveryscienceplace.org/	Proof of Residence Required
The DoSeum	2800 Broadway, San Antonio, TX 78209	San Antonio	TX	(210) 212-4453	membership@thedoseum.org	https://www.thedoseum.org/	Proof of Residence Required
The Health Museum	1515 Hermann Dr, Houston, TX 77004	Houston	TX	(713) 521-1515	membership@thehealthmuseum.org	https://thehealthmuseum.org/	Proof of Residence Required
Thinkery	1830 Simond Ave, Austin, TX 78723	Austin	TX	(512) 469-6200	info@thinkeryaustin.org	https://thinkeryaustin.org/	Proof of Residence Required
Clark Planetarium	110 S 400 W, Salt Lake City, UT 84101	Salt Lake City	UT	(385)-468-7827		https://www.saltlakecounty.gov/clark-planetarium	
Hutchings Museum	55 N Center St, Lehi, UT 84043	Lehi	UT	(801) 768-7361	info@jhutchingsmuseum.com	http://www.jhutchingsmuseum.com/	
Witte Museum	3801 Broadway, San Antonio, TX 78209	San Antonio	TX	(210) 357-1900	Membership@WitteMuseum.org	https://www.wittemuseum.org	Proof of Residence Required
Swaner Preserve and EcoCenter	1258 Center Drive, Park City, UT 84098	Park City	UT	(435) 649-1767	swanerecocenter@usu.edu	https://swanerecocenter.org/	
ECHO, Leahy Center for Lake Champlain	1 College St, Burlington, VT 05401	Burlington	VT	(802) 864-1848	info@echovermont.org	https://www.echovermont.org/	Proof of Residence Required
Children’s Science Center Lab	11948L Fair Oaks Mall, Fairfax, VA 22033	Fairfax	VA	(703) 648-3130	membership@childsci.org	https://childsci.org/	Proof of Residence Required
Children's Museum of Virginia	221 High St, Portsmouth, VA 23704	Portsmouth	VA	(757) 393-8983	colstone@portsmouthva.gov	https://childrensmuseumvirginia.com/	Proof of Residence Required
Danville Science Center	677 Craghead Street, Danville, VA 24541	Danville	VA	(434) 791-5160	dscgs@smv.org	https://dsc.smv.org/	Proof of Residence Required
Fairbanks Museum & Planetarium	1302 Main St, St Johnsbury, VT 05819	St Johnsbury	VT	(802) 748-2372	info@fairbanksmuseum.org	https://www.fairbanksmuseum.org/	
Nauticus	1 Waterside Dr, Norfolk, VA 23510	Norfolk	VA	(757) 664-1000	Membership@nauticus.org	https://nauticus.org/	Proof of Residence Required
Science Museum of Virginia	2500 W Broad St, Richmond, VA 23220	Richmond	VA	(804) 864-1400	info@smv.org	https://www.smv.org/	Proof of Residence Required
Virginia Air and Space Science Center	600 Settlers Landing Rd, Hampton, VA 23669	Hampton	VA	(757) 727-0900 (ext. 735)	kcharity@vasc.org	https://www.vasc.org/	Proof of Residence Required
Virginia Discovery Museum	524 E Main St, Charlottesville, VA 22902	Charlottesville	VA	(434) 977-1025	matt@vadm.org	https://www.vadm.org/	
KidsQuest Children's Museum	1116 108th Ave NE, Bellevue, WA 98004	Bellevue	WA	(425) 637-8100	membership@kidsquestmuseum.org	https://www.kidsquestmuseum.org/	Proof of Residence Required
Mobius Discovery Center	331 N Post St, Spokane, WA 99201	Spokane	WA	(509) 321-7121		https://mobiusdiscoverycenter.org/	Proof of Residence Required
Virginia Living Museum	524 J Clyde Morris Blvd, Newport News, VA 23601	Newport News	VA	(757) 595-1900	membership@thevlm.org	https://thevlm.org/	Proof of Residence Required
Virginia Museum of Natural History	21 Starling Avenue, Martinsville, VA 24112	Martinsville	VA	(276) 634-4141	information@vmnh.virginia.gov	https://www.vmnh.net/	
Pacific Science Center	200 Sue Bird Court N., Seattle, WA 98109	Seattle	WA	(206) 443-2924	membership@pacsci.org	https://www.pacificsciencecenter.org/	Proof of Residence Required
REACH Museum	1943 Columbia Park Trail, Richland, WA 99352	Richland	WA	(509) 943-4100	britaniam@visitthereach.us	https://visitthereach.us/	
The Museum of Flight Foundation	9404 E Marginal Way S, Tukwila, WA 98108	Tukwila	WA	(206) 764-5700	grouptours@miflightmuseum.org	https://www.museumofflight.org/	
Clay Center for the Arts and Sciences of West Virginia	1 Clay Sq, Charleston, WV 25301	Charleston	WV	(304) 561-3500	info@theclaycenter.org	https://www.theclaycenter.org/	Proof of Residence Required
Barlow Planetarium	1478 Midway Road, Menasha, WI 54952	Menasha	WI	(920) 832-2848	tgee@winnebagocountywi.gov	https://barlow.winnebagocountywi.gov/	Proof of Residence Required
Building for Kids Children's Museum	100 W College Ave, Appleton, WI 54911	Appleton	WI				Proof of Residence Required
Yakima Valley Museum	2105 Tieton Dr, Yakima, WA 98902-3766	Yakima	WA	(509) 248-0747	liz@yvmuseum.org	https://www.yvmuseum.org/	Proof of Residence Required
Huntington Museum of Art	2033 McCoy Rd, Huntington, WV 25701	Huntington	WV	(304) 529-2701		https://www.hmoa.org/	Proof of Residence Required
Cable Natural History Museum	PO Box 416, 13470 County Hwy M, Cable, WI, 54821	Cable	WI	(715) 798-3890	info@cablemuseum.org	https://www.cablemuseum.org/	
Children's Museum of Eau Claire	126 N Barstow St, Eau Claire, WI 54703	Eau Claire	WI	(715) 832-5437	Hello@ChildrensMuseumEC.com	https://www.childrensmuseumec.com/	Proof of Residence Required
Children's Museum of La Crosse	207 5th Ave S, La Crosse, WI 54601	La Crosse	WI	(608) 784-2652	info@funmuseum.org	https://www.funmuseum.org/	Proof of Residence Required
Discovery World	500 N Harbor Dr, Milwaukee, WI 53202	Milwaukee	WI	(414) 765-9966	membership@discoveryworld.org	https://www.discoveryworld.org/	Proof of Residence Required
EAA Aviation Museum	3000 Poberezny Rd, Oshkosh, WI 54902	Oshkosh	WI	(920) 426-4800	membership@eaa.org	https://www.eaa.org/eaa	Proof of Residence Required
Madison Children's Museum	100 N Hamilton St, Madison, WI 53703	Madison	WI	(608) 256-6445	membership@madisonchildrensmuseum.org	https://madisonchildrensmuseum.org/	Proof of Residence Required
Milwaukee Public Museum	800 W Wells St, Milwaukee, WI 53233	Milwaukee	WI	(414) 278-2700	MuseumNews@mpm.edu	http://www.mpm.edu/	
National Railroad Museum	2285 S Broadway, Green Bay, WI 54304	Green Bay	WI	(920) 437-7623	members@nationalrrmuseum.org	https://nationalrrmuseum.org/	
Neville Public Museum	210 Museum Pl, Green Bay, WI 54303	Green Bay	WI	(920) 448-4460	generalinfo@nevillepublicmuseum.org	https://www.nevillepublicmuseum.org	Proof of Residence Required
American Computer & Robotics Museum	2023 Stadium Dr, Bozeman, MT 59715	Bozeman	MT				
Omaha Children's Museum	500 S 20th St, Omaha, NE 68102	Omaha	NE	(402) 342-6164	membership@ocm.org	https://ocm.org/about/	
The Discovery	490 S Center St, Reno, NV 89501	Reno	NV	(775) 786-1000	info@nvdm.org	https://nvdm.org/	
SEE Science Center	200 Bedford St, Manchester, NH 03101	Manchester	NH	(603) 669-0400	info@see-sciencecenter.org	https://see-sciencecenter.org/	
National Museum of Nuclear Science & History	601 Eubank Boulevard SE, Albuquerque, NM 87123	Albuquerque	NM	(505) 245-2137		https://www.nuclearmuseum.org/	
Cape Fear Museum of History and Science	230 Grace Street, Wilmington, NC 28401	Wilmington	NC				
North Carolina Transportation Museum	1 Samuel Spencer Dr., Spencer, NC 28159	Spencer	NC	(704) 636-2889	membership@nctransportationmuseum.org	https://www.nctransportationmuseum.org/	
COSI	333 W Broad St, Columbus, OH 43215	Columbus	OH	(614) 228-2674	membership@cosi.org	https://www.cosi.org/	
Science Museum Oklahoma	2020 Remington Pl, Oklahoma City, OK 73111	Oklahoma City	OK				
Eugene Science Center	2300 Leo Harris Parkway, Eugene, OR 97401	Eugene	OR	(541) 682-7888	info@eugenesciencecenter.org	https://eugenesciencecenter.org/	
Washington Pavilion of Arts and Science	301 S Main Ave, Sioux Falls, SD 57104	Sioux Falls	SD	(605) 367-6000	info@washingtonpavilion.org	https://www.washingtonpavilion.org/	
Corpus Christi Museum of Science & History	1900 N Chaparral St, Corpus Christi, TX 78401	Corpus Christi	TX	(361) 826-4667	ccmuseum@cctexas.com	https://www.ccmuseum.com/	
Natural History Museum of Utah	301 S Wakara Way, Salt Lake City, UT 84108	Salt Lake City	UT				
Wenatchee Valley Museum & Cultural Center	127 S Mission St, Wenatchee, WA 98801	Wenatchee	WA	(509) 888-6240	info@wvmcc.org	https://www.wenatcheevalleymuseum.org/	
